Airbow,5/7 AP Pistol,350K Brass Knuckles,Ace of Spades
AK Rifle,Arbiter,50 Blessings Briefcase,Concussion Grenade
AK17 Rifle,Baby Deagle,Alabama Razor,Dynamite
AK.762 Rifle,Bernetti 9 Pistol,Alpha Mauler,Frag Grenade
Ak5,Bernetti Auto Pistol,Arkansas Toothpick,Gas Dispenser
Akimbo Baby Deagle Pistols,Blaster 9mm Submachine Gun,Bayonet Knife,HEF Grenade
Akimbo Bernetti 9 Pistols,Bronco .44 Revolver,Bearded Axe,Incendiary Grenade
Akimbo Bernetti Auto Pistol,Broomstick,Berger Combat Knife,Injector
Akimbo Blaster 9mm Submachine Guns,Castigo .44,Buckler Shield,Javelin
Akimbo Bronco .44 Revolvers,Chicago Typewriter Submachine Gun,Buzzer,Matryoshka Grenade
Akimbo Broomstick Pistols,Chimano 88 Pistol,Carpenter&apos;s Delight,Molotov Cocktail
Akimbo Castigo .44,Chimano Compact Pistol,Chain Whip,Pocket ECM Device
Akimbo Chicago Typewriter Submachine Guns,Chimano Custom Pistol,Cleaver Knife,Shuriken
Akimbo Chimano 88 Pistols,China Puff 40mm Grenade Launcher,Clover&apos;s Shillelagh,Smoke Bomb
Akimbo Chimano Compact Pistols,CMP Submachine Gun,Compact Hatchet,Throwing Axe
Akimbo Chimano Custom Pistols,Cobra Submachine Gun,Croupier&apos;s Rake,Throwing Knife
Akimbo CMP Submachine Guns,Compact 40mm Grenade Launcher,Ding Dong Breaching Tool,
Akimbo Cobra Submachine Guns,Compact 5 Submachine Gun,Diving Knife,
Akimbo Compact-5 Submachine Guns,Commando 101 Rocket Launcher,Dragan&apos;s Cleaver Knife,
Akimbo Contractor Pistols,Contractor Pistol,El Ritmo,
Akimbo Crosskill Pistols,CR 805B Submachine Gun,El Verdugo,
Akimbo Crosskill Guard,Crosskill Guard,Electrical Brass Knuckles,
Akimbo CR 805B Submachine Guns,Crosskill Pistol,Empty Palm Kata,
Akimbo Czech 92 Pistol,Czech 92 Pistol,Fire Axe,
Akimbo Deagle Pistols,Deagle Pistol,Fists,
Akimbo Goliath 12G Shotguns,Goliath 12G Shotgun,Gold Fever,
Akimbo Gruber Kurz Pistols,Gruber Kurz Pistol,Great Sword,
Akimbo Heather Submachine Guns,Grimm 12G,Hackaton,
Akimbo Igor Automatik Pistol,GSPS 12G,Hockey Stick,
Akimbo Interceptor 45 Pistols,Heather Submachine Gun,Hook,
Akimbo Jackal Submachine Guns,HRL-7 Rocket Launcher,Hotline 8000x,
Akimbo Jacket's Piece,Igor Automatik Pistol,Jackpot,
Akimbo Judge Shotguns,Interceptor 45 Pistol,K.L.A.S. Shovel,
Akimbo Kobus 90 Submachine Guns,Jackal Submachine Gun,Kazaguruma,
Akimbo Krinkov Submachine Guns,Jacket&rsquo;s Piece,Kento's Tanto,
Akimbo Kross Vertex Submachine Guns,Kobus 90 Submachine Gun,Knuckle Daggers,
Akimbo LEO Pistols,Krinkov Submachine Gun,Krieger Blade,
Akimbo Mark 10 Submachine Guns,Kross Vertex Submachine Gun,Kunai Knife,
Akimbo Matever .357 Revolvers,LEO Pistol,Leather Sap,
Akimbo Micro Uzi Submachine Guns,Locomotive 12G Shotgun,Lumber Lite L2,
Akimbo MP40 Submachine Guns,MA-17 Flamethrower,Machete,
Akimbo M13 9mm Pistols,Mark 10 Submachine Gun,Machete Knife,
Akimbo Para Submachine Guns,Matever .357,Metal Detector,
Akimbo Parabellum Pistols,Micro Uzi Submachine Gun,Microphone,
Akimbo Patchett L2A1 Submachine Guns,MP40 Submachine Gun,Microphone Stand,
Akimbo Signature .40 Pistols,M12 9mm Pistol,Money Bundle,
Akimbo SpecOps Submachine Guns,OVE9000 Saw (As Secondary),Monkey Wrench,
Akimbo STRYK 18c Pistols,Parabellum Pistol,Morning Star,
Akimbo Swedish K Submachine Guns,Para Submachine Gun,Nova&rsquo;s Shank,
Akimbo Tatonka Submachine Guns,Patchett L2A1 Submachine Gun,Okinawan Style Sai,
Akimbo Uzi Submachine Guns,Peacemaker .45 Revolver,OVERKILL Boxing Gloves,
Akimbo White Streak Pistols,Pistol Crossbow,Pitchfork,
AMCAR,Signature .40 Pistol,Poker,
AMR-16,Signature SMG,Potato Masher,
Bootleg Rifle,SpecOps Submachine Gun,Pounder,
Breaker 12G Shotgun,Street Sweeper Shotgun,Psycho Knife,
Brenner-21 Light Machine Gun,STRYK 18c Pistol,Push Daggers,
Brothers Grimm 12G,Swedish K Submachine Gun,Rezkoye,
Buzzsaw 42 Light Machine Gun,Tatonka Submachine Gun,Rivertown Glen Bottle,
CAR-4 Rifle,The Judge Shotgun,Scalper Tomahawk,
CAR-4 Rifle,Uzi Submachine Gun,Scout Knife,
Cavity 9mm, Selfie-stick,
Claire 12G Shotgun, Shawn&acute;s Shears,
Clarion Rifle, Shepherd's Cane,
Commando 553 Rifle, Shinsakuto Katana,
Contractor .308 Sniper Rifle, Spatula,
DECA Technologies Compound Bow, Specialist Knives,
Desertfox Sniper Rifle, Stainless Steel Syringe,
Eagle Heavy Rifle, Survival Tomahawk,
English Longbow, Swagger Stick,
Falcon Rifle, Switchblade,
Flamethrower Mk.1, Tactical Flashlight,
Galant Rifle, Talons,
Gecko 7.62 Rifle, Tenderizer,
Gewehr 3 Rifle, The Motherforker,
GL40 Grenade Launcher, The Pen,
 Golden AK.762 Rifle, The Spear of Freedom,
Grom Sniper Rifle, Trautman Knife,
Heavy Crossbow, Trench Knife,
IZHMA 12G Shotgun, Two Handed Great Ruler,
Joceline O/U 12g Shotgun, Ursa Tanto Knife,
JP36 Rifle, Utility Knife,
KSP Light Machine Gun, Utility Machete,
Ksp 58, Weapon Butt,
Lebensauger .308 Sniper Rifle, Wing Butterfly Knife,
Light Crossbow, X-46 Knife,
Little Friend 7.62 Assault Rifle, , ,
Lion&rsquo;s Roar Rifle, , ,
MTAR 21 Rifle, , ,
M1014, , ,
M308 Rifle, , ,
M308 Rifle, , ,
Mosconi 12G Shotgun, , ,
Nagant Sniper Rifle, , ,
OVE9000 Saw (As Primary), , ,
Piglet Grenade Launcher, , ,
Plainsrider Bow, , ,
Platypus 70 Sniper Rifle, , ,
Predator 12G Shotgun, , ,
Queen&rsquo;s Wrath Rifle, , ,
R93 Sniper Rifle, , ,
Rattlesnake Sniper Rifle, , ,
Raven Shotgun, , ,
Reinfeld 880 Shotgun, , ,
Repeater 1874 Sniper Rifle, , ,
RPK Light Machine Gun, , ,
Akimbo Signature SMG, , ,
Steakout 12G, , ,
Thanatos .50 cal Sniper Rifle, , ,
UAR, , ,
Union 5.56 Rifle, , ,
Valkyria Rifle, , ,
Vulcan Minigun, , ,
